code,uid
0,A100Y89FZO4J0B:3FTOP5WARG367O4MAQ5FL69K51FJ0Y
1,A10BH9PYCYUKDJ:3YWRV122CTEX3TKJHTM8LNOD5E4U85
2,A10DEO061A6L3O:3YW4XOSQKR0FST0YI8DT6D15R8Y1US
3,A11THU6UGG3THR:31QTRG6Q2USZQU35DBL8AUPGQCBPYE
4,A11UQWFUDNIHIL:32ZKVD547G2W6X575LAHPGOE07SB30
5,A12A5GVJX5RZC4:3Y4W8Q93L0Z9X35A3R7T314XUCXDV6
6,A12FCLCVIM2CL3:33JKGHPFYD9ZTS2EETK5CAXEHNKNME
7,A140QSCUDO8CPW:3BDCF01OGY99Z9O7LJS1TDGWL3WYLD
8,A14ADQ7RUN6TDY:37W3JXSD67NPA306PXZ32OXCJ94YW8
9,A15JP0TGZKLNIZ:38YMOXR4MVENRJQ0JE4BJXDJKZC6WH
10,A16OH8XXYY0AAS:3PW9OPU9PRZ68HRWZO3N0U6D8HG12B
11,A16SJ5D3DKUEXJ:30LSNF239VAH8NNU7VOTSTNZPK92IO
12,A17AH7B74XRKX1:3A4TN5196LXUAA4CY6VE4UV61XDHCN
13,A17D65I948OQZM:3TVRFO09GLUKZ4YXGN6ZAZ9NJWELX4
14,A18ABCQ0UCECNP:3A7Y0R2P2P3E4EAXD2UMUKWVF7ZXJ4
15,A19P0GVTAIWID4:3TEM0PF1Q6CT424U0UJ4I8E70GN0D4
16,A19UBZFVUWL1ES:3LOZAJ85YESEYICP6HOUV3AEDWQ2XZ
17,A1A8L6LU8E2YOA:3C6FJU71TR8CIZB1UXK2K0CFYUTYUB
18,A1AO1LLP3INAZF:39RP059MEI8XSJDHB3FWLFXK0ZABMJ
19,A1B4KC5KP7FH1Z:3DZQRBDBSMUVNJM9G7WCF5YE4VT3S8
20,A1B4WL7N3ACF2T:3K4J6M3CXF8SHZC3UMH5DZTHMURGAX
21,A1BF7DK6RJHQA1:34J10VATJGDY06PF96EUOBL25PAIQ3
22,A1BSA7FVVJGZ15:3YDGXNSEO09YMVQ42NVQ8JQJ61684M
23,A1C59M3HPCO503:3DI28L7YXBTY3X3CS8YO2VF25LRE1D
24,A1CKIYN01NV9GJ:3OUYGIZWR8D2TZ7K53AZI2VWEZXP0E
25,A1D4A0N1ZJ3D6G:3WQQ9FUS6B9I7UBDH25DGXWPGUQB80
26,A1EPK034C4K1Q2:3Z4AIRP3C7S79XUTNDOGQK09LQFX1G
27,A1G452MFAS690B:34PGFRQONPQZFE573XY0S1IO656JWA
28,A1GD980NB9Y7SF:3PJUZCGDJ7VZJ1WGJIRHPR1ZST8896
29,A1HGSSITI7GRQS:34X6J5FLPUDUVH9LROZU0C02I5BQJ1
30,A1HSY4DI5PO5Z7:354P56DE9LIDO2NWIJZ2SMAU9YWS7L
31,A1JYOZ111S9MIR:3LBXNTKX0SAPY2XORQ395QISJ2X9XV
32,A1M682B2WUSYJP:32AT8R96GMOFMDZSVRSD2EOEH80SUS
33,A1N4AZ1QXPOPXH:34YB12FSQZ3TJ0LSRP7AMQOHGCAGMD
34,A1NC53WVIE8VVN:3WS1NTTKEZRQ2MIQR0EU68HSCT30FF
35,A1RG0JH5X98J:39GXDJN2OUTXG89JMJWDH9QWJL2V8K
36,A1SXSNMYZCHT0:3I0BTBYZAY0W2DZLWQ6IVTO8I4U0YD
37,A1UEX245I12ZH7:33IZTU6J82G73HTN0W30MLNIBRBXSL
38,A1UHNDB2EQ8TK0:33TIN5LC05PEY7NYWMPBO4P1L8R9Y1
39,A1UT24L635HEZ6:37WLF8U1WQ5WWJWJU0L8VMJOXT7K65
40,A1UXWUM04RAO59:31T4R4OBOTVXHLY0LX92DH6CNVN7CJ
41,A1V1JNPU0KOA3X:308XBLVESJJOPZQ9GBBD7ERU6M4BR2
42,A1WRYUFOYFF8QO:3VHP9MDGROZAWED63G7E19JTLI4FCR
43,A1YC558J4E5KZ:3Y5140Z9DYVD0UO09TZ5O6VS0T7PI2
44,A1YM0IWPC72J7V:3K9FOBBF2IYFNAKTEHJQCXIPHIZNLH
45,A1YTNGH5SMM2CJ:3Z4GS9HPNWPR5434UG1RXVEYMJQ77I
46,A228YSXU6H27QT:35GMH2SV3FWJZPADYAWZERSAYWZOE8
47,A22BQTBZLQETW4:3HMVI3QICK7W92K3S9AI9Y7INXW1YF
48,A22DDO8NILSX6O:3HOSI13XH03N3M5OC67ZXFYQU6ZDDF
49,A23GB80BDI6PPL:3U5NZHP4LSHD4ZDG3BHKOUUD0HMHPX
50,A24LC97AU3QC7G:30LSNF239VAH8NNU7VOTSTNZPJ3I2W
51,A24O8U6HKPJKVA:33LKR6A5KFZ0SGL9I3NJ1HF38UU1T4
52,A266LNUJOVKCDS:3PW9OPU9PRZ68HRWZO3N0U6D8HB217
53,A26DGX4XQWOI7S:3EF8EXOTT2A6EDP4699FZBSUASY1JU
54,A27BRY2BI6NNPW:3I02618YA1LI9LJ03AOJ79J3UO3PUJ
55,A27PVIL93ZMY46:3LOTDFNYA8EJACJBK77FD3QWDYVWFQ
56,A28HB7240OFGEW:3R8YZBNQ9IX1BM8JQFAXXMVTR9HQ7Y
57,A29IBNSV45WIMQ:32XVDSJFP0C346DLSAMLKMUG6TVM2Q
58,A2AGQGMZVSZVUJ:3WQQ9FUS6B9I7UBDH25DGXWPGTBB8J
59,A2AJIRNA6L4IJI:3R2UR8A0IBVS5P1UTFMR2GDHE1ROXW
60,A2AMQX0BQZXG9N:3EJJQNKU9SKYGCTVG3L9TPUS1ZAHRP
61,A2C7A6E70NYNUI:33FOTY3KEN0J6ZJYWHSTC7FZK9C1C5
62,A2CF2BD4Q0ZDJN:37ZHEEHM6X194L2HS4Y1KE2IHH173A
63,A2CJFO19NY4T5R:35USIKEBNSVX4PHMRDDONE0SRNBN6A
64,A2DVJ6OMVVYTC7:3R0T90IZ1TRGAE91E0DWJUJ5MXOGCB
65,A2DWPP1KKAY0HG:32RIADZISTJG5F5DGL1VPAQKIWJ4SQ
66,A2DXEPC4QFV4R1:3OWEPKL08ARG8PVRANIGTS0OMYVN79
67,A2F93SIUUV5HQH:3DL65MZB8EUIQ0DA85N8JRYT9IRCEA
68,A2FS4CFA35R6CN:3K4J6M3CXF8SHZC3UMH5DZTHMULGAR
69,A2I960JYUZ8KAV:37QW5D2ZRH1HOGSFSOR86M6PKHI8S2
70,A2IMMQ5AS3ZK78:3CFVK00FWM07GPE1F0X9AMW3MSAL65
71,A2JOHICL072IY3:3SB4CE2TJWA33L7TJWH91LTCPL5AX3
72,A2KG59JUICJLP0:38BQUHLA9XFHBD2QF8KIRZXJ7XVOM0
73,A2M3KQ9CKP7YW:36NEMU28XGSPGMBS6UBS8TA5AZ3MWJ
74,A2M5VW97GIYLHB:3ON104KXQLB9CWMM0QBWMZT5O93W4L
75,A2MUCL20GTQJA0:3S06PH7KSSJTBRPCWDN4WDXH59O1D5
76,A2N72OL21SAV0P:32N49TQG3HXBZW2YJHGRD0WR995VAR
77,A2NG1ZF8G87UDY:30LB5CDZNDPW739QSC8190XAOZRZ0Y
78,A2OFN0A5CPLH57:3NGMS9VZTMXHZQXGUIXF9F4WIWOFFW
79,A2OVX9UW5WANQE:3YW4XOSQKR0FST0YI8DT6D15R8KU17
80,A2P76QVLSGJR45:3TU5ZICBREG5B0D20K23BMRO2TNQ8L
81,A2PXJTMWGUE5DC:36V4Q8R5ZLFKWPF6ULCMG4SJMZ7MQ2
82,A2Q1YS118AO2BP:338JKRMM27E6HV7EESZNYZ5I1USHAL
83,A2Q49PGT1MQAPI:36NEMU28XGSPGMBS6UBS8TA5AZPMW5
84,A2QSAOQ838LIII:3OCHAWUVGPZ9FYGFVNUYVZW8UWZKXQ
85,A2QTP92PCZUGI2:3L0KT67Y8FVW3MJX5SP25ZURDWBSYQ
86,A2R9OK4M877ZCC:38SKSKU7R2CN9992H16Y7PM8VJCLI6
87,A2RCJ30AFLCI54:33M4IA01QHGV22TAL73VWBIMPONRXK
88,A2S75O867RJG0I:3II4UPYCOKMHSV9THSDJXE5PDKKQDR
89,A2S8ZTPKX3B928:3ERMJ6L4DZ7AQ7ARYM3GGDBOH8LM78
90,A2SMAZGQOV2IAU:3Z2R0DQ0JIT5SIL8BCY27EP7XRIE27
91,A2T2RV6G8AMC7Y:3P59JYT76MZ7H13517NX60P801QT2X
92,A2TBWLOHTZNK54:3P1L2B7AD24X5VK5FWJ3RMIU7SFOL8
93,A2TH9DIRISH8FE:3PH3VY7DJMCPFTABLJ1MGV6EP3MWZB
94,A2W8ZODKKQ7RYP:39GHHAVOMG6N6CMNTRSHX9ZXMDT4JX
95,A2WCDQDLMC6J72:3KB8R4ZV1FMX09HV00H18ADN4CCGBS
96,A2XJAGYVNVPCP0:3R5F3LQFV3ZHAK19UXACZ1TSM1POZT
97,A2XWD4PZM6JU0M:3WYGZ5XF3XU1JHUG1DOBWRFGFHYSKR
98,A2Z70GL7HTFFQR:35L9RVQFCPXQW4LCKXGEY0HC8X8HUL
99,A2Z750U1HCWVEE:3ZAK8W07I5TFL4FGMP9TS8IVMGEU04
100,A2ZJS73XSSMRTD:358UUM7WR0I1NNNJ3UZX2C5YNVW7RT
101,A303U3NB6DSHBF:30LB5CDZNDPW739QSC8190XAOYY0Z4
102,A30YUV6IU0T6I6:3PM8NZGV8ZVVQ1EA8SEVRL8HT2WXQ0
103,A32ES5EUTQUQVN:32UTUBMZ7HBGI67QPVGN8BGXRRQVBM
104,A32TGAK321JDFF:3ZPBJO59KQG4F2AQY2QPO0DOMYVHDV
105,A3454T4PU9GJM0:33ISQZVXPQ13T2TWCEHDT3YQO53CC4
106,A34JIXFFK46827:3NPI0JQDAPK3984B35Y92DX1BAWPTS
107,A34SUZWGLXIWM8:31Z0PCVWULUE320B7J4S2R6GBGL7TY
108,A353I1D9GT7GNC:39PAAFCODNFGES17PH7885MJXZKTV6
109,A3609GDWR2JCCA:3PXX5PX6LYDWQI4SE0PRCO2K6HIABT
110,A36470UBRH28GO:3XXU1SWE8NAV6V1IGKS2S761FDQ0A2
111,A3696JXTRKL2FI:3VAR3R6G1QG2QO0ML7AZMHWONT1O89
112,A36W1S4Z2LSNTC:3TE3O85731NU1MQDXII26LOQCFT2RR
113,A374STD2W8N1U8:369J354OFEPRUX00490TXURVQBDG6J
114,A37EV8RZ82WT8E:3ZY8KE4ISKI3MC9F8DDD30BWDRPVQW
115,A37JD0XUZHQYRC:3IFS6Q0HJJYADM4S1A3ZJB03ND8SIF
116,A3862RIFFUV141:3STRJBFXOX62YH7VQDT16WB2H1AKT8
117,A38IMMFKB2JJQK:3RYC5T2D748QTTRJZGTE2YWJNPZPRF
118,A38VMTKS30TQZB:386PBUZZXGCJ4KT8ZJRYJQ188YXLJE
119,A39Q4SNT7SRK94:3TXWC2NHN05H2LBPXGXM6I104ONS90
120,A3ACUGH5N9VQO2:3WR9XG3T64QUMHLLSI3KUJUOVIX47U
121,A3AJJHOAV7WIUQ:3MRNMEIQW6L61YTGPN5NGS6V3EMDLE
122,A3E8SXH0BAYG85:3B837J3LDPBN6L7BRXX8X31UA99RS0
123,A3F8G26PENQ6EO:3S96KQ6I9NJUKB1LYW7E2JGCXRHDTQ
124,A3FABY0Q6234WK:3OWEPKL08ARG8PVRANIGTS0OMY4N7I
125,A3FOKP72T5I4FR:3IXQG4FA2UDILZUNMUBRGTR000FB9W
126,A3G5FY6NGZWIY7:3OVHNO1VE7GQ6NAK4OWWO7HTIN8DZB
127,A3GIIL73GE2CBQ:3TEM0PF1Q6CT424U0UJ4I8E70HID0E
128,A3GJWXA13GMS9H:3LRKMWOKB6W33DC47ZCFSOQPLWTZ2Y
129,A3GPTSDDHJ2DBV:3WS1NTTKEZRQ2MIQR0EU68HSCUZ0FD
130,A3GQRD3530XFM3:3SB4CE2TJWA33L7TJWH91LTCPKZAXV
131,A3HIRLDYDLBYDQ:3SB5N7Y3O4JWGMEL2KKCOTH4D9YG0R
132,A3I3JQX0P2F0K3:34S6N1K2ZWYNDEYIBJOD7DLTV6TLH9
133,A3JSDZMBS8L87S:3UOUJI6MTETNIULRP1Y01M56WNYUXY
134,A3L1DZWXQFWB90:3B2X28YI3XUV3GSPON8FWJ0YAY3B6F
135,A3L4RJUHA0CJEA:3B3WTRP3DCHOXMUR31IGF0OW6TP92D
136,A3M0I9QQHXMBN0:3KGTPGBS6Y0MHEIU1CD7BWBAJEYU2O
137,A3O5EU9QQV2OS1:33F859I567SB05C6K6ZJTAPOJCDHBG
138,A3O7X46E3REM7I:3DH6GAKTYZ4T4Y5B0KJA1SRU0BBZY2
139,A3POD149IG0DIW:3FFJ6VRIL23ACDKGS8KF95UKSLZ0IA
140,A3QC57KUVJP5EW:3WZ36BJEV4V15E31K0G87TSCU73TBZ
141,A3QLGMZOLGMBQ1:3NKQQ8O39ZK9KOGAY1XO7F2EG5ODUH
142,A3R0TIQBS9FK5Y:34Q075JO1YSZC7OIK1Z9H6DYBJL10G
143,A3RR85PK3AV9TU:3TVSS0C0E2FTTH1CFRC4U75X48MTWG
144,A3S3NLZV7A06QN:3EWIJTFFVPMYW8IUWPUOOQWS0SO0EX
145,A3SDFAOJW87FGP:39GXDJN2OUTXG89JMJWDH9QWJL98V4
146,A3SGZ8OQXW5TQD:3BC8WZX3V4BB567YC8X37TWYO7QRRC
147,A3TMUAPCRFG63N:37Z929RLGAN0M0K3VM23XI2CYUTST1
148,A3W4MAKNDI1SXM:3D4CH1LGEB8ECG2Y2G35H4IXGC9G9I
149,A4158R4Y06ZB4:3UN61F00HX4M0J90F1K04SR2WQVR5U
150,A49HPQ9P5AHU4:3EQHHY4HQT7VBT0MZQQO5ODVUG2G53
151,A5NHP0N1XC09K:3SPJ033422I34J07IYGODY34HD6JY9
152,A5OJ7FHDAEHR9:3DH6GAKTYZ4T4Y5B0KJA1SRU0CAYZ2
153,A6JKKANO7F4KD:3FQ5JJ512M34342BTH7PXX5ASIPNK9
154,A6JOC24PSUEEC:34FNN24DCNOVXKLMTWCUCOKZZC6Y5X
155,A81J8KZ80P13V:3SB5N7Y3O4JWGMEL2KKCOTH4D870GI
156,A9LX4ZVRERSMC:3A4TN5196LXUAA4CY6VE4UV61XKCHP
157,AAASQIW3J32OL:3K9FOBBF2IYFNAKTEHJQCXIPHIUNLC
158,AAON9MI7I8JU8:32ZKVD547G2W6X575LAHPGOE07VB33
159,AAU61MG2R6RH0:3GGAI1SQEWDG2O5NP3BRWZ32IJMMCB
160,AAXX5LDVJ32F8:3DQQ64TANH0V1P85YA3KPX40F40PW4
161,AB1X97ASE626Q:3NPI0JQDAPK3984B35Y92DX1BAWTPW
162,ABMPX2Y2IRBMG:3TPZPLC3M1RYAR6HOQSIK0T3HC6P30
163,ABX5OQLR6UNBC:35USIKEBNSVX4PHMRDDONE0SRNBN6A
164,ADGQOL6YC087W:3PMBY0YE28I1V4MT0U7MRDXIIK5C9S
165,ADWDNBND4BW94:3JWH6J9I9TS3A1YHN4UWYUMK5OANBJ
166,AFZKP8TAXAUCR:3C6FJU71TR8CIZB1UXK2K0CFYTSUY4
167,AH3ER3EJXHRO2:3VD82FOHKR342RQZ2JQ4O3S7DKJOCC
168,AHY3YAYJLTW32:3XUHV3NRVLD9BPVXJW86QOPW9GYH5M
169,AIJEWX92UW722:32VNZTT0A8J440501W1QZ0LOWTQR4D
170,AIJUY02ENAH9U:3VFJCI1K40EKGGYKWX3R8PIRMY5GRV
171,AJ9N1D8B96693:3WAKVUDHUXVT3FF07OU27NSIUUS7UP
172,AJXIC6Q5EM76P:3WSELTNVR4HWM4Y9EMGCCI86COZAT0
173,AK81F0NOBFJS3:37W3JXSD67NPA306PXZ32OXCJ9IWYK
174,AKRFNRKI1IMJ1:3LRKMWOKB6W33DC47ZCFSOQPLWOZ2T
175,ALEE1QD4TW9G4:3MAOD8E57RPAN41IS0MENRDCOS5XNB
176,ALEJV7D94ZLHF:3DPNQGW4LMUBIH7G98YSO5US07D46V
177,AMNMG3DCCC166:33CKWXB73KZZJW90GK39VBW8GB211U
178,AMUV60QYHNUR3:3GLB5JMZFYAQF6FFEW87301N7X0GDB
179,ANFWGSQ8BQRZ:3LEIZ60CDKEE3XX3S8RU2BY3R2R9ZO
180,ANK8K5WTHJ61C:3CP1TO84PUG5WZSF0B5Z3KJUKX0259
181,AP6MF3NZVUW5C:3U8YCDAGXQVNTB8Z5GPOI7L6JVF0QC
182,APO6KZZ79PO9Q:386PBUZZXGCJ4KT8ZJRYJQ188ZNJL4
183,APQU1QQ738JV9:3A4TN5196LXUAA4CY6VE4UV61XHCHM
184,AQ5KOKZQSZU0B:3UOUJI6MTETNIULRP1Y01M56WN2XU5
185,AR22D9E55HQBF:3WQQ9FUS6B9I7UBDH25DGXWPGUXB87
186,AS8BGRD5QFUTQ:33SA9F9TRY9R4YJFPWN9VL5W1XZWER
187,ASTR3EPUOKEXV:3DYGAII7PMNQHSCJM14EX8MER3XPQE
188,AU7A3QNJF3O00:3OE22WJIGJ339XKF3N387E9DZLAQUY
189,AUCSC92OG0BIM:3KMS4QQVK35SFCPUVTOCPSW1QR4KF0
190,AVJUIF9QHQRY8:3VW6495TLKFTZ8V64YHRNLISUI2YY7
191,AW0K78T4I2T72:3WSELTNVR4HWM4Y9EMGCCI86CPQATT
192,AWD97KUKGN0LR:3SBEHTYCWOI798G10GVO1XO44Y9IYO
193,AX06ZUCRNSGB3:35K3O9HUACSPTCXKZ7D9RXJW6V9FEE
194,AXKTYKCT9NGHS:3KIBXJ1WD69MLP2NUW72CM5FISAOK5
195,AYCHPTQRYDT7G:3U4J9857OFQE7G6U7XD72X0U595B7W
196,AYH6G17Q8FY3B:3JPSL1DZ5TEYRRTPHQU03J2EN6PNAO
197,AZ57C58RDAMJF:3IGI0VL648ZNTVNQR9ZI4EMJCN5ON0
198,AZZA3J049G7R5:38JBBYETQPPFVW0VFQHQ0TM5H5EE43
199,A10249252O9I20MRSOBVF:3QFUFYSY9ZU71A0RA11WIB75T16F4P
200,A114BI2ZRYWKC0:3LYA37P8IR222VDEQR2G625GANLKBE
201,A115UFR6VA6OM1:3LUY3GC630FGBA74Q2V8XH5JM9E7PZ
202,A11S8IAAVDXCUS:3HRMW88U175W8WA7DNI71Y119QDM0Y
203,A11W7R2O4RQSSS:34BBWHLWHBQ3K3L1LFD0G03OTN5WIT
204,A125FN8IYVB93O:34J10VATJGDY06PF96EUOBL25L2QIV
205,A12DBV9FNAOFEM:3FQ5JJ512M34342BTH7PXX5ASFQNK4
206,A151HCDSHOD1IJ:3KXIR214I5VN0GOFM6MPYSDGJU142N
207,A154B3Q5DTHN7:3R6P78PK7LQXWVBC0M8M84J9AENGTJ
208,A15JXW50UYKBGP:3EO896NRAXA7NX1D8STP5HBP27UJTI
209,A163J5TEJBO43B:31EUONYN2WI010WZT0L9EVGWXJAVOC
210,A16G6PPH1INQL8:3570Y55XZQYTDHA6ASVLGLBOPHVGY0
211,A17MUS17DFQZ4P:3UWN2HHPUZK2RNFJYQGROJWK85DSNR
212,A18G2CLYSTENK:3LQ8PUHQFM7LNDQCQGR0FXT1DVKIHY
213,A19F0UPKU4IT2P:3FIJLY1B6VJTQ3MA8LTKL9I0JURPF8
214,A1A1A9UHNQCI9Y:34HJIJKLP6BWX7MHAG600XARHW34VD
215,A1AQQFJAF8CI4H:3ZSY5X72NYQ88TFIKGGZDYRTDGSROH
216,A1AWEM2XEAVOVQ:3WMINLGALCIF0NWYS0LMN882NW4AC9
217,A1BNGJBEWJS8WE:3ERET4BTVNOJE2YHS7OKFWAQNP1K9S
218,A1CUTQUSPA2DPU:34HJIJKLP6BWX7MHAG600XARGSAV42
219,A1DIGREVLNOXT3:3TYCR1GOTDY94ZYCH5UK7KPYRS6LZN
220,A1DJBDVXF6Z1KK:3VSOLARPKCODI4QA71WLYATOC3593W
221,A1EUBMQ86K32XE:33PPUNGG39KK7XTPMPRGTWYXXLSZRQ
222,A1FHH3XEFEQYV7:3I33IC7ZWGH2254WV7WGBVZGC7SA26
223,A1FYTTGF0QACU9:3BGYGHDBBYZDX29SIS315DGI0JR22I
224,A1G2XYC7T6HE2H:30IQTZXKALL7289BRUKGCFHZFS3X0U
225,A1GB9IFYY2P7DR:3U84XHCDIDSD6RRRBDV3L3NN43JZ49
226,A1IFIK8J49WBER:31LVTDXBL8P028CL7O07LHNZIBLLRS
227,A1K8QNLYYYX21W:3KAKFY4PGVH6T5JDBV2YB3SRVTXI3T
228,A1L3937MY09J3I:3OS46CRSLGEACUQVT4ZFXVU5CJGV6N
229,A1LRJ4U04532TM:3HMVI3QICK7W92K3S9AI9Y7INS8Y1E
230,A1LRVMS6IUA63:3JWH6J9I9TS3A1YHN4UWYUMK5JCBNZ
231,A1M7SLIGEI3IH5:3ZQIG0FLQFV86951KMCJVPTI1O2VWO
232,A1MQ9B05ZMM4YI:3TMSXRD2X7FSKXP3D8SUO1M2BHMW1K
233,A1NKVN6J7HNCOT:39DD6S19JQQVYTOK0J7GUPZEHSMZEO
234,A1NVJB5O4H7ZCJ:3IGI0VL648ZNTVNQR9ZI4EMJBGNNO2
235,A1OBB3PWYWK9KK:3Z3ZLGNNSJ9JA37WO377K5JDM4RQ3J
236,A1P6OXEJ86HQRM:3OVR4I9USQY4SZQ0OHCQUABJZ0AQ4I
237,A1PUHCEBSOWETV:3DR23U6WE6TZCHFLURIY81YXXZHTEQ
238,A1QP4NP83WGF17:3M23Y66PO3MUK29RZ9UAM8AYEI1S61
239,A1QVLNM0795FRM:3907X2AHF1K9P9AYKQED1QOBAQT2P8
240,A1RDQFNF6LD25Z:36WLNQG780PZGVL4U5RD87SBRRTBES
241,A1RTLF0OVZI4QT:3UWN2HHPUZK2RNFJYQGROJWK85QNSZ
242,A1SRF7085UM3HI:3JAOYWH7VJJUY8GZD70LUWN5CO69LI
243,A1TMZLYXQAK8Q0:3IQ1VMJRYUZD2PPVGGBVLI7UHB1A9S
244,A1U7O93JY3WFMU:3KYQYYSHYWME7JWD2FLF89APXCPODP
245,A1UCB0D27PY623:32SVAV9L3GORNN0FZ7ALU548ILK3A2
246,A1V2H0UF94ATWY:39JEC7537VGZSBZW3VCIJVMF856VCU
247,A1V6CSBT0WW2OF:3VBEN272MLEWHVYXBM3WYZNN8VUGSF
248,A1VPE05UDNFKGV:3VNL7UK1XGYRIVFHP224QJJX8X5FTW
249,A1VW8Y7XCV3DRW:378XPAWRUDS6DQIYKAH8YB6X00CIA5
250,A1WYDO7PQJ8UG:3Q8GYXHFEQHIUHKHX4U5FXSGVI3C55
251,A1Y0Y6U906ABT5:3FE7TXL1LJ2UPLBDK3T21VELFM1Q29
252,A1Y9VA9FKJLS5K:32M8BPYGAU17NHV16A9IUXH0YVNIGF
253,A1YILFU07P6DND:3LEP4MGT3HFUOP74YAGT2PAQRFSBDZ
254,A1Z0O5MC9DAE8C:3WOKGM4L72VK8ZVJQ3XKT2Q64Q40O3
255,A1Z6F664MYBMVI:3EFE17QCRDKAHRT8VSLEJZZOMT2SHG
256,A1ZZ7YO3YASNIP:32SCWG5HIIJX7ATZ7SQGR35NQVZ6PX
257,A20X14OMRL0YPZ:308Q0PEVB9SS878TS4382GVDVLXI90
258,A21H2UDDHN8ZF:3RANCT1ZVGWG5RIQK56ICPEEDHAUBJ
259,A21M2USASL1O05:3ZQIG0FLQFV86951KMCJVPTI1O2VWO
260,A21SIPO89DP66I:3I0BTBYZAY0W2DZLWQ6IVTO8I02Y0B
261,A222XREQ12K58P:3NXNZ5RS1BCVJNRX9DZBBR54H4479A
262,A2389DERMNF3ZB:3QY7M81QH81F0JAODAQ010JKSZDK7G
263,A23KAJRDVCVGOE:3ZQIG0FLQFV86951KMCJVPTI1OQWVD
264,A248TO3PTV0K5P:3QY5DC2MXSZ6I8U6P7SEVF5ZRBCFUN
265,A250FES5PFCGK9:3MYYFCXHJ4MDFAWMLL7E0W7HUF64GB
266,A258MR1IS96JEP:31QTRG6Q2USZQU35DBL8AUPGP58PYW
267,A25CAT0W9W97Z8:3Y54SXRO1M0G1DC7KRX3CJK0IKRUTH
268,A2653BIPJKEMRK:3LRKMWOKB6W33DC47ZCFSOQPKQY2ZT
269,A26M2EYRTI3QPP:351SEKWQS1WQ7GB1PZ62G5LK2CRDMG
270,A26RO8GGTQAXGG:3Z4AIRP3C7S79XUTNDOGQK09KJL1XB
271,A28FW73RBVGYZ9:3CP1TO84PUG5WZSF0B5Z3KJUKU5258
272,A28SYXQL3YOKVL:3LJ7UR74RISJP2D88PK9QGGEUPL4N7
273,A2AWBDW9V1E9KT:34J10VATJGDY06PF96EUOBL24IGQI2
274,A2AWE6TNM98YSR:3TGOYF991Y1V1QRWKWNDHF621YYUU8
275,A2BNOEYZ3VRW2R:38F5OAUN5OROYT9G7PN3O83S0H97HX
276,A2BW6WD7LZ9EGV:33IZTU6J82G73HTN0W30MLNIAJLSX9
277,A2C2WXXKJOLCZ2:3ZY8KE4ISKI3MC9F8DDD30BWCKSVQK
278,A2C7VUFGB8WGCG:39N5ACM9HF2KPTVX5ZTSBDWPHZ59PG
279,A2DRV5CGGW5HTK:3L0KT67Y8FVW3MJX5SP25ZURDSCYSP
280,A2EEL9YYUHL5SK:3TUI152ZZC2N00TH1ZTOWC4GOI81QT
281,A2EI075XZT9Y2S:3VNL7UK1XGYRIVFHP224QJJX8X3FTU
282,A2EOOF9D135HQ1:3WSELTNVR4HWM4Y9EMGCCI86CKNTAZ
283,A2F9V69F6TZIAB:3NS0A6KXC5NTI7KB6EX4USKQVBMGZE
284,A2FE6HDHREXIJ5:3PM8NZGV8ZVVQ1EA8SEVRL8HSV9XQY
285,A2GG7HIO2OIXUR:3TK8OJTYM20IM08080YO3VLM7O6VPT
286,A2I4A4WGWII18Z:3U5JL4WY5LOO1WRCAV7IOI7CW4W4XU
287,A2IQ0QCTQ3KWLT:3NLZY2D53Q40Q7XLU9B7GRDUMPJLQR
288,A2LU259QPV1I4V:35GMH2SV3FWJZPADYAWZERSAYRPEOE
289,A2NT3OQZUUZPEO:3PWWM24LHTDOJHBHY9C2F4TLMJN28P
290,A2O7H7VXLFN6BP:3JW0YLFXRUVLLY56AWHFHRCW8WXWWQ
291,A2OWVYIPSQB0QP:3U8YCDAGXQVNTB8Z5GPOI7L6IOHQ0P
292,A2R2HMURPYBWWC:3ZV9H2YQQEMOU03I0C6DCU1Z91ZW3B
293,A2RBF3IIJP15IH:31QNSG6A5S8V5I8N4LTXBVATXYM78L
294,A2REJHHCX9OHFI:3180JW2OT5R52VQN7WBR215BM4VJ5E
295,A2RRC5B4M80XXO:3UJ1CZ6IZI4Y1Y9DUQK5U2WYINQS5L
296,A2RTJ6BDY0DZVZ:3HWRJOOET6HYXH265RD8YW2BVGFSEC
297,A2RVEG53L48BAE:3TDXMTX3CC95QO6VUX0WI64B5KU6II
298,A2SWQM5X54P1O5:3LJ7UR74RISJP2D88PK9QGGEUQ9N4G
299,A2UO3QJZNC2VOE:37M28K1J0RS281242S28ACLXEHJJA5
300,A2USG1JP96FTV:3QXNC7EIPJAH1CRDOEE2WCVH9RV092
301,A2V27A9GZA1NR2:3MD9PLUKKJTZSZ1XTIAZKCTNWNSZNP
302,A2VBSFSJXLZZ7A:36U2A8VAG2EYF36P0JG0ED3HWYXYK6
303,A2VRDE2FHCBMF8:3E13VNJ1NOAAJ25YOROFNADUW681I2
304,A2WH3GIS2KF8LU:3FDJT1UU75N0DFW5PHB33G5O1TI5KM
305,A2WT6FV92737W6:3PH3VY7DJMCPFTABLJ1MGV6EOXGWZS
306,A2YTO4EY3MNYAJ:31QTRG6Q2USZQU35DBL8AUPGP5KPY8
307,A2ZR3PL5I0KPQ6:3U4J9857OFQE7G6U7XD72X0U5527BH
308,A2ZRF4I5RTKN7G:384PI804XTGZ6RNCXKETD7070D1S0H
309,A2ZV96GRXVSXK4:3BDCF01OGY99Z9O7LJS1TDGWKVQYLQ
310,A31JJT3IP69MZ3:3W92K5RLWVWETQQHOLPA5PG5GO5V57
311,A33LYSCQQU1YDJ:3WYGZ5XF3XU1JHUG1DOBWRFGEALSKZ
312,A3424ZUN4F0OII:3KYQYYSHYWME7JWD2FLF89APXCPODP
313,A347XXV5JH19PB:3MH9DQ757XRCW8Q10RYWD05BSQMUGB
314,A34930YXVQ8SUT:3NS0A6KXC5NTI7KB6EX4USKQVAAGZ0
315,A34D413HR7ZIFM:3M68NM076IMIJN9EKKU5WY52RDN6RP
316,A351P2O6QGTCS:3ZPPDN2SLWBGS267WLDHH1XL3R89EY
317,A363K42LE9BAT5:3Q5C1WP23NGY7EAJH75LY19PSNW15T
318,A36E1O48KQ6OP0:3EJPLAJKENVRLEV5U1OII1710UPZ6U
319,A39SX1QZR36L7A:3UXUOQ9OKFC9O6121JDB7MGONMM7AP
320,A3A6AK4E156TVE:3OF2M9AATH3YKTGUW5IJSKCJ2SBKZT
321,A3AY0315YWWNXY:3K5TEWLKGWQQ5ELWV584UYKAMDHVIU
322,A3B7TNVOISSZ2O:3ZOTGHDK5JQK98FVZ5G438WPZIBOS2
323,A3CMRD0ZMKYWJS:3K9FOBBF2IYFNAKTEHJQCXIPHE0LN8
324,A3DFJV1RD653DQ:3B1NLC6UG0BZ43I5J5Z23UICK9RPG7
325,A3E3OELJKHW58C:3J88R45B2HDAQPDV8FZ6RGI7NZEXPY
326,A3EWTW55UCNAHG:37TD41K0AIOJ0JIS907D8828A42SCJ
327,A3F128VOB46KDM:3QY5DC2MXSZ6I8U6P7SEVF5ZRBCFUN
328,A3FHFGC3V9B3OJ:3IHR8NYAM8GJSNPLO4X1U5L9U4J4P0
329,A3G2NVZWJQH4YH:3VNXK88KKDXXUDSTRB2RH5L73M99V2
330,A3GEL5PWFIK05S:3V5Q80FXIY62IK5BMSH6ONLA6XR23T
331,A3HE8VNBXD2BR0:3A7Y0R2P2P3E4EAXD2UMUKWVE1LXJD
332,A3HQXCWOIQKT4F:3QL2OFSM97XMK6QN14QR9ES2N4UNC0
333,A3HV22CJSBWOKJ:3RJSC4XJ119Y0PP1LO1LKWQFMT6505
334,A3HXHSLYQT8GWC:32VNZTT0A8J440501W1QZ0LOVM74RS
335,A3J0IAI8AJBGKX:3HFNH7HEMITK4FJKJIER3Z8MQ79GQQ
336,A3JTDNRJYVCGQD:3R08VXYT7DA6VJ452O93PBDFF6XW7Z
337,A3L0DCUXI7X3A9:37W3JXSD67NPA306PXZ32OXCI3CWY1
338,A3L2UB07EZJAMD:3X31TUMD7Y1C93D49ULSFQ5MDA21LG
339,A3MMOZDMBZ8K42:3AAPLD8UCDWBWR6NKSQ4T4VAOCZTHP
340,A3MYTEE8WSEQ2Z:3GD6L00D3TCWFLVP96M7F3KBEIJM11
341,A3N0QZ9ZKUCTCQ:3KXIR214I5VN0GOFM6MPYSDGKW224R
342,A3N8JP3QR3VPE8:3ITXP059PXY68XOYJSOZVCF30OGJST
343,A3P5WIW36V70AI:36U2A8VAG2EYF36P0JG0ED3HVVMKYA
344,A3PM2X0EKG7L8W:3NPFYT4IZDJ4DCKW5W9JX74FNBMGXF
345,A3PO4C1WA2FQHW:31QNSG6A5S8V5I8N4LTXBVATXYM78L
346,A3QB0Z9AN62HFH:34T446B1C1TJZAYG0YOTY2WPFBZC0U
347,A3RAQZNM5V6A2M:3H8DHMCCWAQVHSBY4NTM1STGD8XKDL
348,A3RMV9ZGFJ0HHF:3U5JL4WY5LOO1WRCAV7IOI7CX534X4
349,A3UTFL5JHRQCM1:3QL2OFSM97XMK6QN14QR9ES2N54CN1
350,A40LU73SS18IW:3K3R2QNK8CIXHY3TMLSMLJJOPF09UD
351,A4ZPIPBDO624H:3SBEHTYCWOI798G10GVO1XO44U6YIT
352,A58QOLDFC179Q:3Y4W8Q93L0Z9X35A3R7T314XT5IVDU
353,A5EU1AQJNC7F2:3AMW0RGHOEH5EVZR69CXTER9LL4NP4
354,A5J0OW727ZCWY:30OG32W0SVQ1H4A1XVWMZ2S58HCENR
355,A5JMH4GQPZB4N:3HOSI13XH03N3M5OC67ZXFYQTYJDDI
356,A5TI9UQEPLNWI:39ZSFO5CA9BMNAG28XJZADXRLL1JU9
357,A74PT3GRDMEZ:3P529IW9KZ03ZI7CGT0D4S9GEKWLFC
358,A95RHRMLHT89M:3KWTYT0871IBXLENAHN4IGI3PQ3L5E
359,A9O273N0X06JS:3R0T90IZ1TRGAE91E0DWJUJ5MTNCGY
360,AA402T4YY1S7N:39DD6S19JQQVYTOK0J7GUPZEIVFZEO
361,ABMX8XUNPR3LP:3NLZY2D53Q40Q7XLU9B7GRDUMPNLQV
362,ABNIK627MHQJQ:3Z2R0DQ0JIT5SIL8BCY27EP7XLGE2T
363,AC5UD8N187QD6:3ZGVPD4G6UWXNC6HQEWBTBZFK20TZZ
364,AC8IEBY696VJO:3PQMUDRV7SLLJ81WWY9LF9UGD8ZIIR
365,AEI5USUUPBU2G:3UXUOQ9OKFC9O6121JDB7MGONMK7AN
366,AFDC9A6Z60W2Z:3IUZPWIU1PMUQYBPLIYCTGI1KNMKWB
367,AFUX7IUQOE0NA:3UJ1CZ6IZI4Y1Y9DUQK5U2WYINI5SQ
368,AHT8HA3JRWVGV:354P56DE9LIDO2NWIJZ2SMAU9TLS70
369,AHUQR5YP39J6Y:3KB8R4ZV1FMX09HV00H18ADN353BGZ
370,AIEKCWYZTS41V:3PZDLQMM0U0QVK1UFLS7HQP4C9IC2D
371,AJD3JOWNVDZD1:3DL65MZB8EUIQ0DA85N8JRYT9C8ECH
372,AJFB5KQLNYW03:3FQ5JJ512M34342BTH7PXX5ARBAKNC
373,AJNQ2PBD07FKE:3F1567XTNXK5P5WC5C8HBIMZMVR9Q7
374,AKU3Z7174B91F:31IBVUNM9TE6VNJ6UX2JR17I5ILVFS
375,AKZ8SFOAI4RZN:3ON104KXQLB9CWMM0QBWMZT5O3X4WB
376,AL7TCWU718E5W:3FFJ6VRIL23ACDKGS8KF95UKRFZI0F
377,AMYURTQIMAC8T:3E47SOBEYRBU65FW4ODZ46WL16FCIQ
378,AN9MVFWRCF2OP:3TPWUS5F8AGC70Z1T5HE5X5TFEWWCT
379,ANV8C2DATCAPB:3S3AMIZX3VKDYUZACACOD9G8915CDM
380,AO4241SMFJ95K:3XM0HYN6NLE1KPMEDA9E3RX07TCPEQ
381,AOTF48KUV9KWM:39LNWE0K4VBQSZWWQFYZYCIR73EUI3
382,AOVN1TVNI7HJ7:3OS46CRSLGEACUQVT4ZFXVU5DLLV6X
383,APNTEGPF7QZQI:3M0BCWMB8WBTXV7VF5LJUDZBXTWWBM
384,AROEBUDI2L9G9:358010RM5F8NV9ARUR85X87PAQ8VXH
385,ASTDBTVY3WP1K:35L9RVQFCPXQW4LCKXGEY0HC7QZUHA
386,AT116456PANMW:3EF8EXOTT2A6EDP4699FZBSU9LX1JE
387,ATMQRDBW7WM1Z:3RKNTXVS3NDC5JJJZLF44AWEWLOA42
388,ATUY1BTU5BQDE:3HMIGG0U4MLEK24ORUJXO8UQ0VSY85
389,AU8YVB738G6C:3QBD8R3Z22Y17NDK94KM55GJL2V4OY
390,AUAN582MLI96N:3RWE2M8QWIP2QEV7POX7EDQ1EGZ0NO
391,AUY0EZC3XDJZJ:3WZ36BJEV4V15E31K0G87TSCU28TBU
392,AV22FQTJNBUZT:3VNL7UK1XGYRIVFHP224QJJX90WTF8
393,AVXEDARJC5HLU:3Z3ZLGNNSJ9JA37WO377K5JDL01Q3K
394,AWTGJ45ZWUCHH:386CSBG1O01I7MUE7555R8VXVRL6QO
395,AYPOAY43REHC8:36PW28KO40BUXLGCORRHDW8599NEAF
396,AYSG3J2U3UF1Y:3PMBY0YE28I1V4MT0U7MRDXIIFV9C5
397,AYYSG3O9FNU15:3FK0YFF9P0VVRK5WUC7N9NA4UF0VVE
398,AZ9BZONG644TU:3RJSC4XJ119Y0PP1LO1LKWQFNVC05B
399,AZVQ8TJ73ZGKM:35K3O9HUACSPTCXKZ7D9RXJW5OUEFJ
